id,product,price,quantity,date
1,USB Cable,200,8,2024-03-20
2,Speaker,2500,5,2024-07-22
3,Webcam,3500,9,2024-07-14
4,Speaker,2500,6,2024-02-28
5,Keyboard,1500,10,2024-08-02
6,USB Cable,200,1,2024-06-04
7,Headphones,2000,1,2024-08-08
8,Mouse,500,9,2024-09-21
9,Keyboard,1500,8,2024-02-09
10,Laptop,50000,8,2024-12-26
11,Mouse,500,7,2024-12-17
12,Laptop,50000,5,2024-10-07
13,Speaker,2500,5,2024-08-16
14,Mouse,500,10,2024-04-13
15,USB Cable,200,3,2024-09-22
16,Speaker,2500,8,2024-06-27
17,USB Cable,200,10,2024-08-07
18,Laptop,50000,6,2024-08-11
19,Keyboard,1500,10,2024-02-03
20,USB Cable,200,5,2024-11-22
21,Monitor,12000,6,2024-02-03
22,USB Cable,200,6,2024-03-10
23,Speaker,2500,3,2024-10-27
24,Monitor,12000,6,2024-09-01
25,USB Cable,200,6,2024-07-24
26,USB Cable,200,9,2024-05-25
27,Mouse,500,4,2024-05-05
28,Webcam,3500,4,2024-06-02
29,Headphones,2000,10,2024-02-14
30,Keyboard,1500,5,2024-01-12
31,Webcam,3500,6,2024-11-05
32,Mouse,500,7,2024-10-17
33,Headphones,2000,4,2024-07-14
34,Mouse,500,9,2024-04-19
35,USB Cable,200,2,2024-08-05
36,Keyboard,1500,6,2024-12-09
37,Monitor,12000,9,2024-09-14
38,Mouse,500,5,2024-06-25
39,Laptop,50000,9,2024-05-18
40,USB Cable,200,4,2024-10-01
41,Keyboard,1500,5,2024-10-07
42,Webcam,3500,6,2024-01-21
43,Mouse,500,7,2024-02-10
44,Speaker,2500,2,2024-02-07
45,Headphones,2000,5,2024-07-23
46,Speaker,2500,8,2024-10-22
47,Keyboard,1500,5,2024-02-28
48,Webcam,3500,8,2024-08-22
49,Speaker,2500,1,2024-08-14
50,Headphones,2000,9,2024-02-11
51,Mouse,500,3,2024-08-05
52,Webcam,3500,9,2024-08-10
53,Keyboard,1500,10,2024-01-28
54,USB Cable,200,6,2024-11-23
55,Monitor,12000,3,2024-06-22
56,Webcam,3500,6,2024-01-12
57,Keyboard,1500,1,2024-11-16
58,Mouse,500,1,2024-07-04
59,USB Cable,200,9,2024-10-27
60,Laptop,50000,9,2024-11-22
61,Laptop,50000,7,2024-04-01
62,Speaker,2500,9,2024-01-03
63,Mouse,500,5,2024-10-21
64,Speaker,2500,4,2024-06-16
65,Headphones,2000,7,2024-06-03
66,Laptop,50000,1,2024-09-17
67,Speaker,2500,3,2024-03-10
68,Keyboard,1500,6,2024-12-11
69,Webcam,3500,9,2024-04-05
70,USB Cable,200,2,2024-08-09
71,Monitor,12000,2,2024-08-04
72,Laptop,50000,9,2024-07-19
73,Keyboard,1500,4,2024-01-13
74,Monitor,12000,10,2024-05-12
75,Laptop,50000,1,2024-09-12
76,Laptop,50000,1,2024-01-15
77,Monitor,12000,7,2024-09-02
78,Laptop,50000,6,2024-06-22
79,Mouse,500,2,2024-09-24
80,Mouse,500,4,2024-11-14
81,Headphones,2000,3,2024-10-22
82,Monitor,12000,9,2024-11-14
83,Mouse,500,6,2024-12-07
84,Speaker,2500,7,2024-03-13
85,Keyboard,1500,2,2024-01-25
86,Laptop,50000,4,2024-08-16
87,Laptop,50000,3,2024-01-22
88,Mouse,500,10,2024-03-24
89,Headphones,2000,6,2024-11-11
90,Webcam,3500,9,2024-11-13
91,Headphones,2000,6,2024-08-25
92,Webcam,3500,6,2024-02-21
93,Laptop,50000,4,2024-01-14
94,Keyboard,1500,2,2024-02-22
95,Speaker,2500,6,2024-03-27
96,Webcam,3500,5,2024-02-16
97,Headphones,2000,4,2024-10-17
98,Mouse,500,6,2024-09-17
99,USB Cable,200,3,2024-08-25
100,Headphones,2000,4,2024-08-20
101,Speaker,2500,9,2024-10-28
102,Monitor,12000,3,2024-11-25
103,Headphones,2000,4,2024-02-15
104,Monitor,12000,8,2024-02-25
105,Speaker,2500,1,2024-09-12
106,Keyboard,1500,3,2024-12-18
107,Keyboard,1500,2,2024-09-26
108,Keyboard,1500,10,2024-05-25
109,USB Cable,200,2,2024-10-16
110,Webcam,3500,8,2024-10-05
111,Headphones,2000,4,2024-09-21
112,Laptop,50000,10,2024-03-25
113,Webcam,3500,2,2024-11-06
114,Speaker,2500,3,2024-02-12
115,Speaker,2500,2,2024-03-27
116,Keyboard,1500,10,2024-09-20
117,Webcam,3500,8,2024-03-17
118,Webcam,3500,9,2024-11-01
119,Headphones,2000,4,2024-04-07
120,Webcam,3500,9,2024-07-17
121,Speaker,2500,2,2024-02-22
122,Speaker,2500,1,2024-03-24
123,Mouse,500,1,2024-09-09
124,Laptop,50000,8,2024-08-23
125,Speaker,2500,6,2024-10-08
126,USB Cable,200,2,2024-03-02
127,Headphones,2000,7,2024-03-14
128,Headphones,2000,7,2024-01-22
129,Mouse,500,9,2024-01-10
130,Monitor,12000,6,2024-12-17
131,Laptop,50000,4,2024-02-12
132,Keyboard,1500,4,2024-02-15
133,USB Cable,200,9,2024-06-04
134,Keyboard,1500,2,2024-07-22
135,Monitor,12000,2,2024-02-01
136,Laptop,50000,10,2024-11-28
137,USB Cable,200,7,2024-10-27
138,Keyboard,1500,8,2024-09-11
139,Mouse,500,10,2024-04-23
140,Speaker,2500,7,2024-12-22
141,Laptop,50000,1,2024-11-22
142,Mouse,500,7,2024-08-01
143,Webcam,3500,4,2024-07-08
144,Headphones,2000,8,2024-09-02
145,Speaker,2500,6,2024-07-07
146,Headphones,2000,2,2024-11-08
147,Speaker,2500,3,2024-08-05
148,Webcam,3500,1,2024-03-10
149,Headphones,2000,2,2024-12-12
150,Headphones,2000,2,2024-12-20
151,USB Cable,200,6,2024-08-04
152,Mouse,500,8,2024-08-06
153,USB Cable,200,8,2024-04-16
154,Monitor,12000,2,2024-03-19
155,Laptop,50000,7,2024-07-21
156,Speaker,2500,5,2024-11-27
157,Mouse,500,9,2024-12-26
158,Webcam,3500,5,2024-07-08
159,Monitor,12000,2,2024-02-15
160,Laptop,50000,4,2024-01-25
161,Keyboard,1500,7,2024-03-18
162,Webcam,3500,4,2024-06-14
163,Laptop,50000,2,2024-01-21
164,Headphones,2000,2,2024-04-08
165,Mouse,500,7,2024-02-23
166,Headphones,2000,6,2024-04-03
167,Mouse,500,5,2024-10-10
168,Laptop,50000,10,2024-07-27
169,Speaker,2500,5,2024-04-16
170,Keyboard,1500,5,2024-07-04
171,Webcam,3500,9,2024-08-04
172,Webcam,3500,7,2024-10-17
173,Monitor,12000,5,2024-09-07
174,USB Cable,200,4,2024-02-09
175,Webcam,3500,10,2024-04-04
176,Webcam,3500,7,2024-04-26
177,USB Cable,200,7,2024-04-06
178,USB Cable,200,4,2024-12-15
179,Monitor,12000,5,2024-11-23
180,Mouse,500,1,2024-09-27
181,Keyboard,1500,3,2024-06-03
182,Webcam,3500,2,2024-04-09
183,Mouse,500,1,2024-07-11
184,Speaker,2500,1,2024-09-03
185,Laptop,50000,1,2024-03-23
186,USB Cable,200,9,2024-10-09
187,Mouse,500,3,2024-07-26
188,USB Cable,200,1,2024-03-09
189,USB Cable,200,9,2024-06-02
190,Mouse,500,1,2024-10-10
191,Keyboard,1500,2,2024-09-13
192,Laptop,50000,2,2024-05-17
193,Keyboard,1500,7,2024-12-03
194,Keyboard,1500,4,2024-10-25
195,Keyboard,1500,9,2024-08-21
196,Webcam,3500,2,2024-12-22
197,Speaker,2500,5,2024-01-21
198,Laptop,50000,4,2024-12-19
199,Keyboard,1500,5,2024-07-12
200,Laptop,50000,8,2024-10-25
201,Laptop,50000,3,2024-04-03
202,USB Cable,200,2,2024-12-06
203,Speaker,2500,10,2024-08-14
204,Webcam,3500,8,2024-12-25
205,Monitor,12000,9,2024-12-09
206,Webcam,3500,9,2024-02-21
207,Webcam,3500,9,2024-12-11
208,Mouse,500,7,2024-08-26
209,Speaker,2500,3,2024-05-19
210,Headphones,2000,6,2024-07-10
211,Speaker,2500,2,2024-06-01
212,Monitor,12000,2,2024-02-06
213,Mouse,500,8,2024-01-13
214,Speaker,2500,1,2024-03-06
215,USB Cable,200,6,2024-03-05
216,Keyboard,1500,2,2024-10-03
217,Speaker,2500,10,2024-08-07
218,Speaker,2500,2,2024-07-22
219,Keyboard,1500,3,2024-10-26
220,Monitor,12000,6,2024-11-19
221,USB Cable,200,8,2024-08-16
222,Headphones,2000,3,2024-06-06
223,Monitor,12000,2,2024-08-15
224,Keyboard,1500,5,2024-02-24
225,Webcam,3500,8,2024-07-24
226,Mouse,500,7,2024-11-24
227,Headphones,2000,1,2024-07-04
228,Mouse,500,7,2024-07-22
229,Webcam,3500,9,2024-12-12
230,Headphones,2000,7,2024-01-26
231,USB Cable,200,4,2024-12-27
232,USB Cable,200,7,2024-07-02
233,Mouse,500,6,2024-04-11
234,Mouse,500,8,2024-07-13
235,Speaker,2500,9,2024-04-16
236,Speaker,2500,6,2024-03-23
237,Webcam,3500,10,2024-08-26
238,USB Cable,200,1,2024-07-26
239,USB Cable,200,9,2024-03-11
240,USB Cable,200,1,2024-01-05
241,Keyboard,1500,8,2024-12-12
242,USB Cable,200,2,2024-09-01
243,Speaker,2500,8,2024-04-25
244,Mouse,500,4,2024-03-19
245,Laptop,50000,7,2024-10-06
246,Headphones,2000,7,2024-03-13
247,USB Cable,200,9,2024-04-27
248,Speaker,2500,1,2024-08-05
249,Keyboard,1500,9,2024-08-10
250,Speaker,2500,3,2024-05-19
251,Headphones,2000,1,2024-06-11
252,Webcam,3500,5,2024-04-13
253,Speaker,2500,10,2024-01-04
254,Mouse,500,8,2024-03-04
255,Monitor,12000,7,2024-01-23
256,Headphones,2000,3,2024-04-02
257,Webcam,3500,7,2024-12-09
258,Laptop,50000,7,2024-10-17
259,Webcam,3500,4,2024-05-13
260,Mouse,500,9,2024-05-05
261,USB Cable,200,1,2024-04-04
262,Headphones,2000,3,2024-01-21
263,Keyboard,1500,8,2024-07-28
264,Mouse,500,7,2024-07-12
265,USB Cable,200,5,2024-05-10
266,Mouse,500,6,2024-07-03
267,Laptop,50000,3,2024-11-22
268,Speaker,2500,9,2024-07-14
269,Laptop,50000,9,2024-05-15
270,Keyboard,1500,2,2024-08-06
271,Webcam,3500,9,2024-07-05
272,Headphones,2000,8,2024-07-02
273,Keyboard,1500,10,2024-06-28
274,Laptop,50000,8,2024-07-04
275,Laptop,50000,5,2024-09-02
276,Speaker,2500,1,2024-06-14
277,Monitor,12000,6,2024-01-13
278,Mouse,500,3,2024-11-11
279,Speaker,2500,10,2024-05-05
280,USB Cable,200,7,2024-12-15
281,Webcam,3500,2,2024-10-28
282,Headphones,2000,7,2024-02-02
283,Monitor,12000,5,2024-04-01
284,Mouse,500,5,2024-08-07
285,USB Cable,200,6,2024-08-22
286,Laptop,50000,8,2024-10-21
287,Headphones,2000,8,2024-07-19
288,Monitor,12000,8,2024-12-25
289,Mouse,500,6,2024-06-19
290,Mouse,500,6,2024-05-18
291,Laptop,50000,8,2024-09-13
292,Keyboard,1500,3,2024-05-15
293,Keyboard,1500,2,2024-01-05
294,Keyboard,1500,9,2024-08-25
295,Webcam,3500,7,2024-04-08
296,Mouse,500,5,2024-02-01
297,Monitor,12000,3,2024-03-03
298,Webcam,3500,4,2024-08-04
299,Speaker,2500,1,2024-01-10
300,Laptop,50000,10,2024-03-05
301,Headphones,2000,2,2024-07-26
302,Mouse,500,3,2024-03-16
303,Headphones,2000,6,2024-12-08
304,Monitor,12000,8,2024-03-26
305,Webcam,3500,10,2024-08-26
306,Monitor,12000,1,2024-01-11
307,Monitor,12000,5,2024-11-01
308,Keyboard,1500,4,2024-10-13
309,Mouse,500,10,2024-01-16
310,Speaker,2500,8,2024-04-09
311,Laptop,50000,9,2024-09-28
312,USB Cable,200,7,2024-08-03
313,Webcam,3500,9,2024-05-03
314,Headphones,2000,1,2024-10-03
315,Monitor,12000,9,2024-09-11
316,USB Cable,200,7,2024-03-19
317,Keyboard,1500,7,2024-05-27
318,Keyboard,1500,3,2024-02-07
319,Mouse,500,3,2024-02-21
320,Laptop,50000,6,2024-08-04
321,Webcam,3500,5,2024-05-25
322,Speaker,2500,5,2024-11-24
323,Speaker,2500,1,2024-01-07
324,Mouse,500,1,2024-09-19
325,Monitor,12000,9,2024-01-25
326,Mouse,500,8,2024-11-06
327,Monitor,12000,8,2024-11-22
328,USB Cable,200,2,2024-05-28
329,Laptop,50000,2,2024-12-24
330,Headphones,2000,2,2024-04-07
331,Keyboard,1500,9,2024-04-10
332,Headphones,2000,10,2024-01-22
333,Laptop,50000,3,2024-04-10
334,Speaker,2500,4,2024-04-28
335,Webcam,3500,3,2024-11-12
336,Headphones,2000,3,2024-11-14
337,Laptop,50000,10,2024-05-11
338,Speaker,2500,3,2024-06-23
339,Laptop,50000,2,2024-09-01
340,Headphones,2000,1,2024-07-07
341,Laptop,50000,3,2024-07-27
342,Mouse,500,9,2024-01-22
343,Laptop,50000,4,2024-04-04
344,USB Cable,200,9,2024-11-17
345,USB Cable,200,4,2024-07-18
346,Webcam,3500,3,2024-12-28
347,Laptop,50000,7,2024-01-25
348,Speaker,2500,6,2024-12-06
349,Monitor,12000,6,2024-06-07
350,Keyboard,1500,7,2024-08-16
351,Headphones,2000,3,2024-01-21
352,Laptop,50000,3,2024-01-20
353,Monitor,12000,1,2024-02-13
354,Mouse,500,5,2024-04-07
355,Mouse,500,5,2024-10-28
356,Headphones,2000,2,2024-12-05
357,Speaker,2500,4,2024-12-15
358,Mouse,500,3,2024-11-06
359,Headphones,2000,10,2024-03-10
360,Keyboard,1500,8,2024-02-28
361,USB Cable,200,10,2024-11-14
362,Headphones,2000,5,2024-02-14
363,Laptop,50000,7,2024-01-02
364,Mouse,500,5,2024-04-09
365,Headphones,2000,3,2024-10-28
366,USB Cable,200,1,2024-12-22
367,Monitor,12000,4,2024-03-04
368,Speaker,2500,5,2024-03-23
369,USB Cable,200,2,2024-08-16
370,Headphones,2000,7,2024-01-04
371,Keyboard,1500,9,2024-05-21
372,USB Cable,200,5,2024-02-17
373,Mouse,500,6,2024-05-10
374,Keyboard,1500,4,2024-03-15
375,Mouse,500,7,2024-03-02
376,Speaker,2500,5,2024-01-05
377,Speaker,2500,3,2024-06-06
378,Mouse,500,10,2024-09-08
379,Headphones,2000,1,2024-04-26
380,Mouse,500,3,2024-02-04
381,Mouse,500,9,2024-09-15
382,Speaker,2500,2,2024-01-06
383,Webcam,3500,2,2024-07-05
384,Monitor,12000,8,2024-11-26
385,Speaker,2500,6,2024-02-25
386,Keyboard,1500,4,2024-02-01
387,Monitor,12000,2,2024-04-07
388,Webcam,3500,10,2024-05-15
389,Webcam,3500,1,2024-05-01
390,Webcam,3500,2,2024-03-01
391,Mouse,500,9,2024-07-27
392,Laptop,50000,5,2024-02-20
393,Webcam,3500,5,2024-11-17
394,Laptop,50000,7,2024-06-26
395,Speaker,2500,4,2024-05-27
396,Monitor,12000,6,2024-06-24
397,Webcam,3500,10,2024-05-04
398,Keyboard,1500,4,2024-12-08
399,USB Cable,200,2,2024-02-03
400,Keyboard,1500,1,2024-09-28
401,Webcam,3500,7,2024-12-11
402,Webcam,3500,7,2024-05-26
403,Webcam,3500,5,2024-12-23
404,Headphones,2000,8,2024-06-28
405,USB Cable,200,2,2024-04-07
406,Speaker,2500,4,2024-12-12
407,Laptop,50000,1,2024-01-10
408,Laptop,50000,3,2024-10-08
409,Mouse,500,5,2024-02-26
410,Mouse,500,8,2024-01-20
411,Mouse,500,7,2024-06-28
412,Laptop,50000,7,2024-05-18
413,Laptop,50000,10,2024-02-24
414,Keyboard,1500,10,2024-10-15
415,Headphones,2000,5,2024-06-06
416,Speaker,2500,6,2024-07-09
417,Mouse,500,5,2024-06-07
418,Headphones,2000,8,2024-06-10
419,Keyboard,1500,5,2024-05-11
420,Headphones,2000,10,2024-01-24
421,USB Cable,200,1,2024-02-20
422,Laptop,50000,10,2024-06-25
423,Mouse,500,1,2024-08-28
424,Monitor,12000,4,2024-12-19
425,Laptop,50000,5,2024-03-11
426,Laptop,50000,2,2024-03-16
427,USB Cable,200,3,2024-01-15
428,USB Cable,200,6,2024-05-19
429,Monitor,12000,3,2024-10-12
430,Webcam,3500,2,2024-02-01
431,Webcam,3500,1,2024-07-14
432,Speaker,2500,6,2024-04-04
433,Keyboard,1500,10,2024-05-06
434,Speaker,2500,10,2024-06-19
435,USB Cable,200,9,2024-01-09
436,Webcam,3500,8,2024-06-13
437,Webcam,3500,4,2024-10-11
438,Webcam,3500,10,2024-12-21
439,Laptop,50000,6,2024-09-14
440,Headphones,2000,9,2024-09-27
441,Keyboard,1500,2,2024-05-26
442,Keyboard,1500,8,2024-10-11
443,USB Cable,200,6,2024-09-15
444,Speaker,2500,2,2024-06-13
445,Webcam,3500,9,2024-11-17
446,Speaker,2500,5,2024-08-26
447,Speaker,2500,9,2024-12-24
448,USB Cable,200,6,2024-11-27
449,Mouse,500,1,2024-03-24
450,Headphones,2000,4,2024-03-20
451,Webcam,3500,8,2024-06-10
452,Mouse,500,5,2024-11-22
453,Webcam,3500,4,2024-11-25
454,Mouse,500,10,2024-03-25
455,Monitor,12000,4,2024-05-07
456,Monitor,12000,5,2024-10-14
457,Laptop,50000,3,2024-07-14
458,Mouse,500,1,2024-12-22
459,USB Cable,200,9,2024-04-14
460,USB Cable,200,1,2024-02-26
461,Monitor,12000,2,2024-06-24
462,USB Cable,200,8,2024-10-07
463,Speaker,2500,1,2024-03-21
464,USB Cable,200,6,2024-03-25
465,Monitor,12000,1,2024-04-15
466,Mouse,500,9,2024-01-13
467,Laptop,50000,6,2024-02-01
468,Laptop,50000,10,2024-10-28
469,Keyboard,1500,2,2024-05-25
470,Keyboard,1500,2,2024-03-27
471,Webcam,3500,10,2024-03-23
472,Keyboard,1500,8,2024-12-07
473,Keyboard,1500,7,2024-08-21
474,Mouse,500,5,2024-12-05
475,Webcam,3500,9,2024-09-21
476,Headphones,2000,10,2024-03-25
477,Headphones,2000,4,2024-11-21
478,Keyboard,1500,9,2024-02-18
479,Mouse,500,4,2024-04-21
480,Mouse,500,4,2024-12-24
481,Webcam,3500,3,2024-02-23
482,Mouse,500,10,2024-05-07
483,USB Cable,200,10,2024-11-24
484,Webcam,3500,6,2024-04-21
485,Keyboard,1500,2,2024-09-15
486,USB Cable,200,2,2024-02-11
487,USB Cable,200,1,2024-08-07
488,USB Cable,200,2,2024-06-04
489,Mouse,500,1,2024-03-23
490,Monitor,12000,1,2024-12-11
491,Speaker,2500,9,2024-12-11
492,Mouse,500,10,2024-01-10
493,Mouse,500,4,2024-07-24
494,Laptop,50000,5,2024-06-23
495,Laptop,50000,7,2024-10-23
496,Laptop,50000,8,2024-01-27
497,Webcam,3500,1,2024-07-11
498,Headphones,2000,1,2024-01-15
499,Headphones,2000,2,2024-07-13
500,USB Cable,200,4,2024-02-02
501,Keyboard,1500,5,2024-02-09
502,Speaker,2500,6,2024-07-18
503,Webcam,3500,9,2024-03-28
504,Webcam,3500,9,2024-05-17
505,Speaker,2500,9,2024-07-22
506,Headphones,2000,4,2024-05-05
507,Speaker,2500,1,2024-02-14
508,Monitor,12000,10,2024-01-22
509,Headphones,2000,7,2024-06-17
510,Webcam,3500,8,2024-08-09
511,Headphones,2000,3,2024-01-03
512,Headphones,2000,4,2024-11-07
513,Keyboard,1500,2,2024-11-14
514,Laptop,50000,10,2024-01-03
515,Webcam,3500,1,2024-04-09
516,Speaker,2500,5,2024-07-04
517,USB Cable,200,3,2024-11-09
518,Headphones,2000,3,2024-04-04
519,Headphones,2000,8,2024-05-03
520,Webcam,3500,3,2024-02-24
521,Speaker,2500,10,2024-03-13
522,Webcam,3500,2,2024-09-06
523,USB Cable,200,5,2024-06-25
524,Webcam,3500,7,2024-07-13
525,Headphones,2000,3,2024-09-11
526,USB Cable,200,2,2024-09-01
527,Headphones,2000,2,2024-07-28
528,USB Cable,200,4,2024-06-28
529,Webcam,3500,10,2024-08-15
530,USB Cable,200,8,2024-10-12
531,USB Cable,200,10,2024-12-25
532,Laptop,50000,10,2024-10-03
533,Monitor,12000,1,2024-06-22
534,Keyboard,1500,10,2024-05-10
535,Mouse,500,6,2024-04-19
536,Laptop,50000,1,2024-04-22
537,Webcam,3500,6,2024-08-28
538,Speaker,2500,9,2024-09-23
539,Laptop,50000,8,2024-02-08
540,Speaker,2500,1,2024-12-09
541,Mouse,500,7,2024-02-04
542,Mouse,500,3,2024-11-26
543,Laptop,50000,3,2024-10-17
544,Monitor,12000,10,2024-01-17
545,Speaker,2500,1,2024-03-22
546,Laptop,50000,10,2024-10-05
547,Keyboard,1500,8,2024-04-09
548,Speaker,2500,5,2024-03-13
549,Keyboard,1500,4,2024-10-06
550,Webcam,3500,1,2024-09-12
551,Laptop,50000,7,2024-01-02
552,Laptop,50000,2,2024-02-28
553,Headphones,2000,6,2024-10-14
554,Headphones,2000,9,2024-11-26
555,Webcam,3500,3,2024-05-20
556,Laptop,50000,5,2024-11-19
557,Laptop,50000,10,2024-04-19
558,Speaker,2500,1,2024-02-26
559,Monitor,12000,9,2024-04-21
560,Laptop,50000,10,2024-02-21
561,Monitor,12000,5,2024-12-02
562,USB Cable,200,2,2024-02-02
563,Keyboard,1500,6,2024-06-23
564,Keyboard,1500,5,2024-08-27
565,Speaker,2500,1,2024-12-08
566,Mouse,500,4,2024-07-09
567,Laptop,50000,10,2024-02-14
568,Speaker,2500,7,2024-05-08
569,Monitor,12000,5,2024-04-07
570,Webcam,3500,6,2024-12-15
571,Keyboard,1500,6,2024-09-21
572,Laptop,50000,5,2024-01-24
573,Keyboard,1500,9,2024-10-18
574,Mouse,500,2,2024-12-05
575,Monitor,12000,3,2024-08-08
576,Laptop,50000,9,2024-05-27
577,Speaker,2500,5,2024-02-04
578,Keyboard,1500,5,2024-05-19
579,Laptop,50000,8,2024-07-27
580,Laptop,50000,5,2024-01-11
581,Laptop,50000,9,2024-01-21
582,Monitor,12000,1,2024-04-13
583,USB Cable,200,4,2024-11-21
584,Mouse,500,2,2024-08-13
585,Mouse,500,4,2024-10-13
586,USB Cable,200,4,2024-06-26
587,Webcam,3500,1,2024-06-07
588,Monitor,12000,6,2024-07-11
589,Webcam,3500,5,2024-02-21
590,Laptop,50000,10,2024-12-14
591,Monitor,12000,7,2024-10-10
592,Headphones,2000,1,2024-09-14
593,Speaker,2500,2,2024-12-15
594,Headphones,2000,4,2024-03-08
595,Keyboard,1500,8,2024-06-25
596,USB Cable,200,2,2024-12-02
597,Headphones,2000,2,2024-11-04
598,Speaker,2500,7,2024-11-03
599,Mouse,500,2,2024-10-04
600,Keyboard,1500,2,2024-05-01
601,Monitor,12000,3,2024-12-17
602,Webcam,3500,1,2024-11-15
603,Headphones,2000,5,2024-03-21
604,USB Cable,200,3,2024-12-27
605,Laptop,50000,1,2024-01-25
606,USB Cable,200,4,2024-09-05
607,Laptop,50000,10,2024-07-17
608,Monitor,12000,5,2024-11-20
609,Mouse,500,1,2024-07-13
610,Speaker,2500,7,2024-10-22
611,Webcam,3500,7,2024-06-14
612,Keyboard,1500,4,2024-04-24
613,Laptop,50000,3,2024-03-12
614,Mouse,500,4,2024-04-27
615,USB Cable,200,2,2024-02-25
616,Mouse,500,10,2024-09-03
617,Laptop,50000,7,2024-03-10
618,Monitor,12000,6,2024-12-25
619,Speaker,2500,1,2024-09-01
620,Webcam,3500,10,2024-07-14
621,Webcam,3500,10,2024-04-01
622,Webcam,3500,5,2024-09-05
623,Speaker,2500,1,2024-06-20
624,Webcam,3500,4,2024-08-05
625,Webcam,3500,10,2024-04-10
626,Monitor,12000,10,2024-02-02
627,Speaker,2500,9,2024-02-24
628,Headphones,2000,8,2024-12-09
629,Laptop,50000,2,2024-03-27
630,Speaker,2500,2,2024-10-17
631,Mouse,500,6,2024-12-19
632,Webcam,3500,1,2024-02-21
633,Headphones,2000,3,2024-01-25
634,USB Cable,200,10,2024-05-26
635,Monitor,12000,10,2024-07-18
636,Mouse,500,10,2024-03-24
637,Speaker,2500,9,2024-01-27
638,Webcam,3500,9,2024-03-21
639,Mouse,500,2,2024-06-13
640,Keyboard,1500,6,2024-11-27
641,Headphones,2000,9,2024-07-28
642,Keyboard,1500,7,2024-04-12
643,Speaker,2500,2,2024-11-28
644,Keyboard,1500,4,2024-11-21
645,Mouse,500,10,2024-10-19
646,USB Cable,200,10,2024-05-28
647,Speaker,2500,3,2024-09-22
648,Speaker,2500,9,2024-09-10
649,USB Cable,200,5,2024-01-09
650,Laptop,50000,10,2024-09-11
651,Speaker,2500,10,2024-01-07
652,Webcam,3500,2,2024-10-16
653,Headphones,2000,2,2024-11-19
654,Webcam,3500,6,2024-04-09
655,Keyboard,1500,1,2024-06-13
656,Keyboard,1500,3,2024-02-19
657,Monitor,12000,4,2024-01-07
658,Laptop,50000,7,2024-09-14
659,Speaker,2500,9,2024-09-03
660,Keyboard,1500,8,2024-02-25
661,Headphones,2000,7,2024-04-23
662,Headphones,2000,9,2024-08-15
663,USB Cable,200,6,2024-05-05
664,Monitor,12000,9,2024-08-27
665,Webcam,3500,1,2024-12-01
666,USB Cable,200,1,2024-04-14
667,Laptop,50000,1,2024-10-06
668,USB Cable,200,7,2024-07-09
669,Keyboard,1500,4,2024-12-01
670,Mouse,500,2,2024-06-10
671,Speaker,2500,7,2024-03-10
672,USB Cable,200,6,2024-07-10
673,Headphones,2000,3,2024-01-01
674,Speaker,2500,6,2024-07-17
675,Laptop,50000,1,2024-06-16
676,Keyboard,1500,8,2024-11-19
677,Laptop,50000,3,2024-02-22
678,Headphones,2000,7,2024-04-03
679,Laptop,50000,7,2024-06-24
680,Laptop,50000,1,2024-07-11
681,Speaker,2500,2,2024-08-15
682,Monitor,12000,10,2024-03-21
683,Monitor,12000,10,2024-03-22
684,Headphones,2000,7,2024-12-11
685,Speaker,2500,5,2024-08-27
686,Laptop,50000,3,2024-05-26
687,Mouse,500,3,2024-01-02
688,Monitor,12000,8,2024-07-18
689,Laptop,50000,7,2024-09-15
690,Mouse,500,1,2024-07-01
691,Keyboard,1500,6,2024-08-20
692,Laptop,50000,1,2024-03-01
693,Mouse,500,7,2024-11-11
694,Webcam,3500,4,2024-06-26
695,Laptop,50000,1,2024-02-23
696,Laptop,50000,4,2024-10-28
697,Keyboard,1500,7,2024-02-10
698,Webcam,3500,1,2024-09-20
699,Speaker,2500,8,2024-11-10
700,Mouse,500,7,2024-07-17
701,Monitor,12000,10,2024-07-05
702,Headphones,2000,7,2024-11-08
703,Webcam,3500,5,2024-01-03
704,USB Cable,200,10,2024-08-12
705,Monitor,12000,5,2024-12-19
706,Mouse,500,3,2024-11-02
707,Mouse,500,7,2024-12-19
708,Laptop,50000,9,2024-02-16
709,Speaker,2500,1,2024-01-15
710,Webcam,3500,10,2024-02-23
711,Headphones,2000,9,2024-04-01
712,Keyboard,1500,9,2024-06-25
713,Headphones,2000,4,2024-09-20
714,Laptop,50000,2,2024-02-06
715,Mouse,500,10,2024-11-19
716,USB Cable,200,8,2024-09-12
717,Laptop,50000,5,2024-12-27
718,Keyboard,1500,10,2024-02-09
719,USB Cable,200,7,2024-07-04
720,Monitor,12000,7,2024-12-19
721,Mouse,500,4,2024-03-02
722,Speaker,2500,8,2024-12-04
723,Headphones,2000,1,2024-03-19
724,Laptop,50000,1,2024-03-11
725,Keyboard,1500,4,2024-03-04
726,Mouse,500,4,2024-10-13
727,Speaker,2500,2,2024-12-14
728,Laptop,50000,3,2024-08-24
729,USB Cable,200,4,2024-10-13
730,Headphones,2000,2,2024-11-26
731,USB Cable,200,10,2024-02-12
732,Keyboard,1500,8,2024-10-04
733,Monitor,12000,10,2024-02-04
734,Monitor,12000,10,2024-08-04
735,Keyboard,1500,8,2024-03-01
736,Headphones,2000,8,2024-11-25
737,Speaker,2500,8,2024-09-24
738,Monitor,12000,5,2024-02-03
739,Mouse,500,6,2024-01-18
740,Monitor,12000,2,2024-10-25
741,Webcam,3500,3,2024-02-23
742,Headphones,2000,1,2024-08-01
743,Mouse,500,10,2024-08-23
744,Mouse,500,7,2024-03-26
745,Keyboard,1500,7,2024-12-26
746,Headphones,2000,6,2024-04-05
747,Headphones,2000,5,2024-04-10
748,Monitor,12000,2,2024-01-03
749,USB Cable,200,8,2024-07-03
750,Speaker,2500,8,2024-08-01
751,Keyboard,1500,3,2024-05-02
752,Webcam,3500,9,2024-05-07
753,Speaker,2500,8,2024-10-11
754,Speaker,2500,5,2024-11-06
755,Speaker,2500,4,2024-09-06
756,Laptop,50000,8,2024-07-25
757,Headphones,2000,9,2024-04-06
758,Headphones,2000,8,2024-04-28
759,USB Cable,200,4,2024-04-03
760,Webcam,3500,4,2024-11-18
761,USB Cable,200,3,2024-12-23
762,USB Cable,200,1,2024-12-14
763,Headphones,2000,9,2024-05-02
764,USB Cable,200,9,2024-11-08
765,USB Cable,200,3,2024-07-01
766,Webcam,3500,8,2024-02-23
767,Headphones,2000,2,2024-03-28
768,Speaker,2500,5,2024-01-25
769,Mouse,500,6,2024-01-01
770,Laptop,50000,10,2024-02-27
771,Monitor,12000,7,2024-01-09
772,USB Cable,200,10,2024-11-27
773,USB Cable,200,4,2024-10-21
774,Speaker,2500,9,2024-10-27
775,Headphones,2000,1,2024-01-03
776,Monitor,12000,10,2024-08-04
777,Laptop,50000,4,2024-07-06
778,Monitor,12000,7,2024-11-03
779,Webcam,3500,1,2024-04-18
780,Keyboard,1500,1,2024-05-10
781,Speaker,2500,6,2024-01-11
782,Headphones,2000,1,2024-01-02
783,Laptop,50000,5,2024-07-03
784,Keyboard,1500,9,2024-08-06
785,Headphones,2000,9,2024-01-24
786,Mouse,500,7,2024-03-06
787,Speaker,2500,7,2024-06-12
788,Keyboard,1500,2,2024-07-27
789,Headphones,2000,4,2024-06-18
790,Mouse,500,6,2024-10-22
791,Keyboard,1500,9,2024-11-25
792,Headphones,2000,9,2024-01-12
793,Laptop,50000,9,2024-06-12
794,Keyboard,1500,8,2024-08-13
795,Laptop,50000,5,2024-10-14
796,Monitor,12000,10,2024-04-03
797,Headphones,2000,1,2024-02-25
798,USB Cable,200,2,2024-12-26
799,Monitor,12000,3,2024-04-28
800,Webcam,3500,4,2024-03-08
801,Keyboard,1500,9,2024-07-09
802,Mouse,500,8,2024-04-02
803,Keyboard,1500,5,2024-11-22
804,Headphones,2000,8,2024-09-18
805,Keyboard,1500,10,2024-06-26
806,Laptop,50000,8,2024-05-15
807,Monitor,12000,9,2024-09-17
808,Speaker,2500,2,2024-06-16
809,USB Cable,200,9,2024-01-01
810,Keyboard,1500,6,2024-04-16
811,Speaker,2500,1,2024-08-07
812,Webcam,3500,10,2024-03-18
813,Webcam,3500,5,2024-02-07
814,Headphones,2000,10,2024-10-23
815,Monitor,12000,10,2024-06-22
816,Mouse,500,10,2024-12-08
817,USB Cable,200,7,2024-08-21
818,Webcam,3500,1,2024-03-16
819,Mouse,500,6,2024-08-25
820,Speaker,2500,10,2024-01-01
821,Mouse,500,5,2024-11-01
822,Webcam,3500,5,2024-11-26
823,USB Cable,200,10,2024-10-02
824,Keyboard,1500,5,2024-12-08
825,Mouse,500,8,2024-05-03
826,USB Cable,200,2,2024-06-08
827,USB Cable,200,2,2024-09-10
828,Webcam,3500,10,2024-11-11
829,Webcam,3500,2,2024-11-26
830,Keyboard,1500,4,2024-04-12
831,Headphones,2000,9,2024-07-20
832,USB Cable,200,3,2024-01-14
833,Keyboard,1500,4,2024-09-26
834,Headphones,2000,5,2024-07-11
835,Mouse,500,8,2024-05-13
836,Laptop,50000,6,2024-12-03
837,USB Cable,200,3,2024-03-09
838,Keyboard,1500,10,2024-06-17
839,Speaker,2500,8,2024-05-21
840,Mouse,500,7,2024-07-07
841,Headphones,2000,3,2024-05-28
842,Monitor,12000,2,2024-09-08
843,Speaker,2500,10,2024-07-01
844,Speaker,2500,5,2024-03-18
845,Speaker,2500,3,2024-01-16
846,Monitor,12000,4,2024-03-21
847,Speaker,2500,6,2024-03-12
848,Monitor,12000,2,2024-09-14
849,Mouse,500,4,2024-06-19
850,USB Cable,200,4,2024-06-20
851,Mouse,500,9,2024-01-19
852,Speaker,2500,1,2024-08-18
853,Mouse,500,6,2024-03-03
854,Mouse,500,6,2024-07-23
855,Monitor,12000,3,2024-07-16
856,Monitor,12000,1,2024-07-19
857,Laptop,50000,4,2024-08-28
858,Speaker,2500,5,2024-07-12
859,Mouse,500,5,2024-06-02
860,Mouse,500,3,2024-10-12
861,Monitor,12000,7,2024-01-09
862,Mouse,500,3,2024-07-02
863,Headphones,2000,6,2024-11-13
864,Headphones,2000,3,2024-06-06
865,Webcam,3500,1,2024-10-21
866,Speaker,2500,8,2024-11-23
867,Headphones,2000,7,2024-01-05
868,Webcam,3500,4,2024-01-24
869,Keyboard,1500,8,2024-05-24
870,USB Cable,200,10,2024-07-25
871,Monitor,12000,2,2024-02-15
872,Speaker,2500,8,2024-06-24
873,Webcam,3500,9,2024-07-25
874,Webcam,3500,7,2024-09-18
875,Keyboard,1500,9,2024-07-23
876,Headphones,2000,4,2024-12-03
877,Laptop,50000,4,2024-10-21
878,Speaker,2500,4,2024-07-19
879,Headphones,2000,5,2024-01-17
880,Keyboard,1500,4,2024-10-16
881,Webcam,3500,4,2024-04-28
882,Webcam,3500,4,2024-04-11
883,USB Cable,200,9,2024-11-26
884,Keyboard,1500,6,2024-05-02
885,Webcam,3500,1,2024-06-07
886,Headphones,2000,1,2024-01-06
887,Speaker,2500,3,2024-03-06
888,Keyboard,1500,2,2024-01-02
889,Monitor,12000,6,2024-11-25
890,Keyboard,1500,2,2024-10-01
891,Headphones,2000,2,2024-11-14
892,Monitor,12000,9,2024-03-16
893,Mouse,500,4,2024-04-07
894,Speaker,2500,6,2024-01-09
895,Mouse,500,1,2024-07-22
896,Speaker,2500,4,2024-08-12
897,Keyboard,1500,6,2024-01-08
898,Webcam,3500,6,2024-02-20
899,Webcam,3500,4,2024-12-05
900,Headphones,2000,5,2024-12-18
901,Headphones,2000,7,2024-11-26
902,Keyboard,1500,9,2024-12-27
903,Laptop,50000,4,2024-08-27
904,Headphones,2000,7,2024-10-18
905,Mouse,500,4,2024-06-26
906,Keyboard,1500,1,2024-01-04
907,Speaker,2500,3,2024-01-10
908,USB Cable,200,7,2024-08-07
909,Monitor,12000,1,2024-08-11
910,Keyboard,1500,4,2024-04-10
911,Headphones,2000,1,2024-03-10
912,Webcam,3500,7,2024-02-06
913,Speaker,2500,10,2024-04-05
914,Laptop,50000,5,2024-09-26
915,Speaker,2500,6,2024-03-17
916,Mouse,500,8,2024-07-25
917,USB Cable,200,4,2024-04-04
918,Webcam,3500,9,2024-10-20
919,Headphones,2000,5,2024-04-01
920,Mouse,500,9,2024-08-17
921,Keyboard,1500,3,2024-02-08
922,Laptop,50000,7,2024-12-06
923,Webcam,3500,8,2024-03-24
924,Keyboard,1500,1,2024-10-01
925,Webcam,3500,7,2024-06-26
926,Speaker,2500,3,2024-07-12
927,Monitor,12000,6,2024-01-18
928,Keyboard,1500,4,2024-07-28
929,Speaker,2500,3,2024-12-22
930,Webcam,3500,8,2024-07-14
931,Webcam,3500,2,2024-12-18
932,Monitor,12000,4,2024-08-10
933,Laptop,50000,8,2024-07-06
934,Headphones,2000,5,2024-09-27
935,Mouse,500,3,2024-01-03
936,Keyboard,1500,5,2024-09-09
937,Speaker,2500,5,2024-04-12
938,Headphones,2000,6,2024-12-04
939,Mouse,500,1,2024-01-27
940,Mouse,500,5,2024-04-12
941,Webcam,3500,9,2024-12-17
942,Headphones,2000,10,2024-02-26
943,Monitor,12000,4,2024-12-02
944,Monitor,12000,5,2024-09-14
945,Speaker,2500,7,2024-07-09
946,Laptop,50000,6,2024-04-03
947,Speaker,2500,1,2024-05-28
948,Webcam,3500,4,2024-05-01
949,Monitor,12000,6,2024-09-20
950,Laptop,50000,3,2024-11-10
951,Keyboard,1500,7,2024-03-02
952,Mouse,500,10,2024-05-27
953,Speaker,2500,9,2024-09-11
954,Laptop,50000,9,2024-06-25
955,Mouse,500,9,2024-12-11
956,Webcam,3500,9,2024-02-08
957,Speaker,2500,9,2024-07-07
958,USB Cable,200,9,2024-05-03
959,Speaker,2500,4,2024-05-26
960,Headphones,2000,2,2024-12-08
961,Webcam,3500,2,2024-12-08
962,USB Cable,200,9,2024-05-15
963,Mouse,500,5,2024-01-11
964,Mouse,500,4,2024-11-03
965,Webcam,3500,10,2024-06-15
966,Monitor,12000,9,2024-12-03
967,Monitor,12000,3,2024-01-16
968,Mouse,500,1,2024-07-23
969,Keyboard,1500,10,2024-07-25
970,Speaker,2500,8,2024-09-17
971,Monitor,12000,5,2024-07-16
972,Keyboard,1500,1,2024-09-24
973,Monitor,12000,4,2024-09-05
974,Webcam,3500,8,2024-11-11
975,Headphones,2000,2,2024-07-21
976,Keyboard,1500,1,2024-10-15
977,USB Cable,200,6,2024-01-20
978,Speaker,2500,7,2024-08-19
979,Headphones,2000,8,2024-06-15
980,Webcam,3500,4,2024-08-17
981,Webcam,3500,3,2024-12-13
982,Mouse,500,5,2024-05-19
983,Headphones,2000,9,2024-08-06
984,Keyboard,1500,9,2024-05-05
985,Monitor,12000,3,2024-05-12
986,Keyboard,1500,8,2024-01-06
987,Webcam,3500,7,2024-05-02
988,Monitor,12000,4,2024-05-20
989,Webcam,3500,4,2024-05-22
990,Speaker,2500,8,2024-04-21
991,Webcam,3500,10,2024-12-26
992,Speaker,2500,1,2024-03-14
993,Speaker,2500,10,2024-09-06
994,USB Cable,200,7,2024-11-13
995,Keyboard,1500,10,2024-03-17
996,Headphones,2000,6,2024-09-17
997,Headphones,2000,9,2024-03-22
998,Headphones,2000,10,2024-01-11
999,USB Cable,200,2,2024-07-21
1000,Headphones,2000,5,2024-01-22
